dataset,model,method,protocol,mut_dist,report_mae_mean,report_mae_std,mean_std_abs_error,n_samples,n_seeds
gfp,cnn,adabn,E1,4,0.8502213116946404,,0.8122921512273169,1323.0,1
gfp,cnn,adabn,E1,5,1.1128569360673868,,0.816129032632402,677.0,1
gfp,cnn,adabn,E2,4,0.8582895102144099,,0.8156168563904105,1323.0,1
gfp,cnn,adabn,E2,5,1.1230914164857286,,0.8186035431065765,677.0,1
gfp,cnn,adabn,E3,6,1.2519061748299167,,0.7811723475705591,919.0,1
gfp,cnn,adabn,E3,7,1.281554440399269,,0.7378262129168388,539.0,1
gfp,cnn,adabn,E3,8,1.245969462084071,,0.7538696855207343,307.0,1
gfp,cnn,adabn,E3,9,1.273086917131467,,0.6979792802640628,133.0,1
gfp,cnn,adabn,E3,10,0.9917643759399652,,0.6945136935985514,64.0,1
gfp,cnn,adabn,E3,11,1.012338399887085,,0.7657855775220064,17.0,1
gfp,cnn,adabn,E3,12,1.0379558801651,,0.8303287630087914,10.0,1
gfp,cnn,adabn,E3,13,1.905388444662094,,0.7691620612533591,8.0,1
gfp,cnn,adabn,E3,14,1.8171678185462952,,1.4673295617103577,2.0,1
gfp,cnn,adabn,E3,15,0.9414163827896118,,0.0,1.0,1
gfp,cnn,adabn,E4,6,1.588768220829886,,0.7795660553962094,919.0,1
gfp,cnn,adabn,E4,7,1.672052163361176,,0.7042874029995367,539.0,1
gfp,cnn,adabn,E4,8,1.6162779381686778,,0.7307054643558581,307.0,1
gfp,cnn,adabn,E4,9,1.666250779216451,,0.6926612571242015,133.0,1
gfp,cnn,adabn,E4,10,1.236203184351325,,0.7160461912844629,64.0,1
gfp,cnn,adabn,E4,11,1.4494711721644682,,0.6724383624718112,17.0,1
gfp,cnn,adabn,E4,12,1.1993107318878171,,0.5772668889089805,10.0,1
gfp,cnn,adabn,E4,13,1.5705097764730451,,0.6533177382380797,8.0,1
gfp,cnn,adabn,E4,14,1.674214005470276,,0.4054539203643799,2.0,1
gfp,cnn,adabn,E4,15,1.9315105676651,,0.0,1.0,1
gfp,cnn,adabn,E5,6,1.579691105101651,,0.7804780121255049,919.0,1
gfp,cnn,adabn,E5,7,1.6611780750950549,,0.7069053478728962,539.0,1
gfp,cnn,adabn,E5,8,1.6051794476928465,,0.7327290562968073,307.0,1
gfp,cnn,adabn,E5,9,1.656197448422138,,0.6931440253293262,133.0,1
gfp,cnn,adabn,E5,10,1.2247223369777205,,0.7158820124334216,64.0,1
gfp,cnn,adabn,E5,11,1.4373749073813944,,0.6731993542481576,17.0,1
gfp,cnn,adabn,E5,12,1.188658308982849,,0.5858722877160079,10.0,1
gfp,cnn,adabn,E5,13,1.577613040804863,,0.6473349002746396,8.0,1
gfp,cnn,adabn,E5,14,1.6750164031982422,,0.4341102838516235,2.0,1
gfp,cnn,adabn,E5,15,1.9036506414413448,,0.0,1.0,1
gfp,cnn,cmd,E1,4,0.7424287895136319,,0.7549804619175913,1323.0,1
gfp,cnn,cmd,E1,5,0.980814905075062,,0.7715239724881613,677.0,1
gfp,cnn,cmd,E2,4,0.6745451794189661,,0.7029881412886325,1323.0,1
gfp,cnn,cmd,E2,5,0.8889457695241164,,0.7262659709157612,677.0,1
gfp,cnn,cmd,E3,6,1.0001846820407905,,0.7095178599284534,919.0,1
gfp,cnn,cmd,E3,7,1.0037954132278244,,0.6751692072732981,539.0,1
gfp,cnn,cmd,E3,8,1.0251527364556874,,0.693560330951946,307.0,1
gfp,cnn,cmd,E3,9,1.0106124393922045,,0.6675138280214931,133.0,1
gfp,cnn,cmd,E3,10,0.9534407388418912,,0.6449961957819901,64.0,1
gfp,cnn,cmd,E3,11,0.8569730590371525,,0.6323729846773473,17.0,1
gfp,cnn,cmd,E3,12,0.8984452486038208,,0.9071947689525937,10.0,1
gfp,cnn,cmd,E3,13,1.886468663811684,,0.8183365533136034,8.0,1
gfp,cnn,cmd,E3,14,1.953581929206848,,1.7490153312683103,2.0,1
gfp,cnn,cmd,E3,15,0.1685855388641357,,0.0,1.0,1
gfp,cnn,cmd,E4,6,1.299751956652246,,0.7532104907338759,919.0,1
gfp,cnn,cmd,E4,7,1.3845356481637052,,0.6761777875902735,539.0,1
gfp,cnn,cmd,E4,8,1.3389572099288043,,0.7014727834311874,307.0,1
gfp,cnn,cmd,E4,9,1.336508423762214,,0.6553817176423007,133.0,1
gfp,cnn,cmd,E4,10,0.9364235308021308,,0.6561217857671012,64.0,1
gfp,cnn,cmd,E4,11,1.1964428144342758,,0.6122488456837867,17.0,1
gfp,cnn,cmd,E4,12,1.055206823348999,,0.4286065466973879,10.0,1
gfp,cnn,cmd,E4,13,1.2669117897748947,,0.7193633650590608,8.0,1
gfp,cnn,cmd,E4,14,0.819310188293457,,0.0184606313705444,2.0,1
gfp,cnn,cmd,E4,15,1.4985042810440063,,0.0,1.0,1
gfp,cnn,cmd,E5,6,1.3087643995897296,,0.6837748570746902,919.0,1
gfp,cnn,cmd,E5,7,1.4156637485925254,,0.5989912784063391,539.0,1
gfp,cnn,cmd,E5,8,1.3948401302002151,,0.611829273446336,307.0,1
gfp,cnn,cmd,E5,9,1.3825837983224625,,0.58396042831331,133.0,1
gfp,cnn,cmd,E5,10,1.0819090940058231,,0.5744337108198299,64.0,1
gfp,cnn,cmd,E5,11,1.3034638236550724,,0.5533572854562928,17.0,1
gfp,cnn,cmd,E5,12,1.0164475440979004,,0.4953516016417614,10.0,1
gfp,cnn,cmd,E5,13,1.013510674238205,,0.8607126264646389,8.0,1
gfp,cnn,cmd,E5,14,0.7999355792999268,,0.4422165155410766,2.0,1
gfp,cnn,cmd,E5,15,1.4828952550888062,,0.0,1.0,1
gfp,cnn,fixmatch,E1,4,1.0599122825933962,,0.9706182143430284,1323.0,1
gfp,cnn,fixmatch,E1,5,1.5076490873071962,,0.9141867393745432,677.0,1
gfp,cnn,fixmatch,E2,4,1.0644816429616824,,0.9725023672567225,1323.0,1
gfp,cnn,fixmatch,E2,5,1.5133680580637832,,0.9158312675734896,677.0,1
gfp,cnn,fixmatch,E3,6,1.77741448132076,,0.7590721260115351,919.0,1
gfp,cnn,fixmatch,E3,7,1.9743916924234224,,0.5490530225994551,539.0,1
gfp,cnn,fixmatch,E3,8,2.0230205338630305,,0.4522387635584742,307.0,1
gfp,cnn,fixmatch,E3,9,2.0605686203877727,,0.3911081620231,133.0,1
gfp,cnn,fixmatch,E3,10,2.0179593358188868,,0.3115208921797924,64.0,1
gfp,cnn,fixmatch,E3,11,2.163927470936495,,0.1492802727976423,17.0,1
gfp,cnn,fixmatch,E3,12,1.9662711381912232,,0.2962263414454378,10.0,1
gfp,cnn,fixmatch,E3,13,1.975498542189598,,0.2915660779669097,8.0,1
gfp,cnn,fixmatch,E3,14,2.1655081510543823,,0.1154901981353759,2.0,1
gfp,cnn,fixmatch,E3,15,2.253639578819275,,0.0,1.0,1
gfp,cnn,fixmatch,E4,6,1.7768892010874535,,0.7595495316655966,919.0,1
gfp,cnn,fixmatch,E4,7,1.9739985662842503,,0.5493934674755185,539.0,1
gfp,cnn,fixmatch,E4,8,2.023002280474486,,0.4516795187273042,307.0,1
gfp,cnn,fixmatch,E4,9,2.061466277093816,,0.3911280489494366,133.0,1
gfp,cnn,fixmatch,E4,10,2.0179030802100897,,0.3105643405827035,64.0,1
gfp,cnn,fixmatch,E4,11,2.164314073674819,,0.1493365074822736,17.0,1
gfp,cnn,fixmatch,E4,12,1.963248109817505,,0.2988204880380693,10.0,1
gfp,cnn,fixmatch,E4,13,1.9787523001432417,,0.2862949757766027,8.0,1
gfp,cnn,fixmatch,E4,14,2.163826823234558,,0.1195788383483886,2.0,1
gfp,cnn,fixmatch,E4,15,2.256034255027771,,0.0,1.0,1
gfp,cnn,fixmatch,E5,6,1.7796991443478374,,0.7597416537031834,919.0,1
gfp,cnn,fixmatch,E5,7,1.976555165421764,,0.5494399596637158,539.0,1
gfp,cnn,fixmatch,E5,8,2.02477288168494,,0.4528231674726707,307.0,1
gfp,cnn,fixmatch,E5,9,2.0622651101951317,,0.3919792311957922,133.0,1
gfp,cnn,fixmatch,E5,10,2.0182545091956854,,0.3118543149717953,64.0,1
gfp,cnn,fixmatch,E5,11,2.1654852979323445,,0.1524491561997539,17.0,1
gfp,cnn,fixmatch,E5,12,1.9661237001419067,,0.300525104305399,10.0,1
gfp,cnn,fixmatch,E5,13,1.973919317126274,,0.2946052839814179,8.0,1
gfp,cnn,fixmatch,E5,14,2.150538206100464,,0.1297463178634643,2.0,1
gfp,cnn,fixmatch,E5,15,2.2460867166519165,,0.0,1.0,1
gfp,cnn,mean_teacher,E1,4,0.9281394824059012,,0.8582584249835471,1323.0,1
gfp,cnn,mean_teacher,E1,5,1.291906715143731,,0.8097946206616481,677.0,1
gfp,cnn,mean_teacher,E2,4,0.9376104364589768,,0.8679496730575166,1323.0,1
gfp,cnn,mean_teacher,E2,5,1.308611072676925,,0.8178534691493442,677.0,1
gfp,cnn,mean_teacher,E3,6,1.5193929808443338,,0.6967068634815498,919.0,1
gfp,cnn,mean_teacher,E3,7,1.6722710072883649,,0.5478949526283673,539.0,1
gfp,cnn,mean_teacher,E3,8,1.6792921623888544,,0.492976109218465,307.0,1
gfp,cnn,mean_teacher,E3,9,1.684702149907449,,0.4536301419542681,133.0,1
gfp,cnn,mean_teacher,E3,10,1.4954115319997072,,0.4510501420802992,64.0,1
gfp,cnn,mean_teacher,E3,11,1.681323107551126,,0.372261992636565,17.0,1
gfp,cnn,mean_teacher,E3,12,1.3909268379211426,,0.5056038505322382,10.0,1
gfp,cnn,mean_teacher,E3,13,1.3947980850934982,,0.6206031635384295,8.0,1
gfp,cnn,mean_teacher,E3,14,1.395986795425415,,0.387309193611145,2.0,1
gfp,cnn,mean_teacher,E3,15,1.971112608909607,,0.0,1.0,1
gfp,cnn,mean_teacher,E4,6,1.539268732978937,,0.7005792848036786,919.0,1
gfp,cnn,mean_teacher,E4,7,1.6951350907005494,,0.5479536914379114,539.0,1
gfp,cnn,mean_teacher,E4,8,1.7041857382373624,,0.4920977931191103,307.0,1
gfp,cnn,mean_teacher,E4,9,1.7157918143093138,,0.4499575272295124,133.0,1
gfp,cnn,mean_teacher,E4,10,1.5282525811344383,,0.4555754911669925,64.0,1
gfp,cnn,mean_teacher,E4,11,1.7146997031043558,,0.3643881648591864,17.0,1
gfp,cnn,mean_teacher,E4,12,1.4187417030334473,,0.5329747077217425,10.0,1
gfp,cnn,mean_teacher,E4,13,1.3912384063005447,,0.6423373710475921,8.0,1
gfp,cnn,mean_teacher,E4,14,1.3927236795425415,,0.4516808986663818,2.0,1
gfp,cnn,mean_teacher,E4,15,2.007638096809387,,0.0,1.0,1
gfp,cnn,mean_teacher,E5,6,1.544051675853584,,0.6910642051689992,919.0,1
gfp,cnn,mean_teacher,E5,7,1.7050347423288066,,0.5336688920734295,539.0,1
gfp,cnn,mean_teacher,E5,8,1.725750341477534,,0.4617054803717501,307.0,1
gfp,cnn,mean_teacher,E5,9,1.736394931499223,,0.4171662298058992,133.0,1
gfp,cnn,mean_teacher,E5,10,1.5970195587724447,,0.3988537627638086,64.0,1
gfp,cnn,mean_teacher,E5,11,1.7646615364972282,,0.3028108925927066,17.0,1
gfp,cnn,mean_teacher,E5,12,1.5218363761901856,,0.4173560250881127,10.0,1
gfp,cnn,mean_teacher,E5,13,1.5199285000562668,,0.5011377758248867,8.0,1
gfp,cnn,mean_teacher,E5,14,1.572964429855347,,0.2986408472061157,2.0,1
gfp,cnn,mean_teacher,E5,15,2.0062700510025024,,0.0,1.0,1
gfp,cnn,pseudo_labeling,E1,4,0.7481949477148885,,0.7343422203871268,1323.0,1
gfp,cnn,pseudo_labeling,E1,5,0.990335580165136,,0.7481665020265372,677.0,1
gfp,cnn,pseudo_labeling,E2,4,0.7355140435001838,,0.7448187537305587,1323.0,1
gfp,cnn,pseudo_labeling,E2,5,0.9736525542274712,,0.7619046515247084,677.0,1
gfp,cnn,pseudo_labeling,E3,6,1.0848555112170446,,0.7272624407880015,919.0,1
gfp,cnn,pseudo_labeling,E3,7,1.1070109464241975,,0.6801963785197365,539.0,1
gfp,cnn,pseudo_labeling,E3,8,1.0998183896564893,,0.6840821750842864,307.0,1
gfp,cnn,pseudo_labeling,E3,9,1.058442543323775,,0.6502533018026012,133.0,1
gfp,cnn,pseudo_labeling,E3,10,0.9490183889865876,,0.6459567074077261,64.0,1
gfp,cnn,pseudo_labeling,E3,11,0.8931437029558069,,0.5873059846522043,17.0,1
gfp,cnn,pseudo_labeling,E3,12,0.9890516996383668,,0.9703138723253314,10.0,1
gfp,cnn,pseudo_labeling,E3,13,1.857829228043556,,0.7021926049069233,8.0,1
gfp,cnn,pseudo_labeling,E3,14,2.054459631443024,,1.594851553440094,2.0,1
gfp,cnn,pseudo_labeling,E3,15,0.1926107406616211,,0.0,1.0,1
gfp,cnn,pseudo_labeling,E4,6,1.3164995104496056,,0.6680875618298847,919.0,1
gfp,cnn,pseudo_labeling,E4,7,1.435697264485545,,0.5742184581750525,539.0,1
gfp,cnn,pseudo_labeling,E4,8,1.4231490875300057,,0.5716162175517414,307.0,1
gfp,cnn,pseudo_labeling,E4,9,1.41723726925097,,0.5476072394333285,133.0,1
gfp,cnn,pseudo_labeling,E4,10,1.1613858100026846,,0.5462829289830349,64.0,1
gfp,cnn,pseudo_labeling,E4,11,1.395003599279067,,0.4570705635705749,17.0,1
gfp,cnn,pseudo_labeling,E4,12,1.0467944741249084,,0.5194245464745436,10.0,1
gfp,cnn,pseudo_labeling,E4,13,1.0414428859949112,,0.8211109760399381,8.0,1
gfp,cnn,pseudo_labeling,E4,14,1.0687655210494995,,0.530132532119751,2.0,1
gfp,cnn,pseudo_labeling,E4,15,1.5788453817367554,,0.0,1.0,1
gfp,cnn,pseudo_labeling,E5,6,1.298124373802293,,0.7501651216656621,919.0,1
gfp,cnn,pseudo_labeling,E5,7,1.3783891855675126,,0.6767594153462294,539.0,1
gfp,cnn,pseudo_labeling,E5,8,1.3410546791281686,,0.688234916217522,307.0,1
gfp,cnn,pseudo_labeling,E5,9,1.3304223046266943,,0.6376031269105814,133.0,1
gfp,cnn,pseudo_labeling,E5,10,0.9594357702881098,,0.6273098500643185,64.0,1
gfp,cnn,pseudo_labeling,E5,11,1.1683144148658304,,0.6023947396557008,17.0,1
gfp,cnn,pseudo_labeling,E5,12,1.096061909198761,,0.4402107439197285,10.0,1
gfp,cnn,pseudo_labeling,E5,13,1.2877879589796066,,0.687774111566277,8.0,1
gfp,cnn,pseudo_labeling,E5,14,1.178878903388977,,0.0322096347808837,2.0,1
gfp,cnn,pseudo_labeling,E5,15,1.2001265287399292,,0.0,1.0,1
gfp,lstm,adabn,E1,4,0.9666451110320836,,0.7140700663376581,1323.0,1
gfp,lstm,adabn,E1,5,1.2916097723750983,,0.6840781596296975,677.0,1
gfp,lstm,adabn,E2,4,0.9666556456011528,,0.7144928670776627,1323.0,1
gfp,lstm,adabn,E2,5,1.2918347063937954,,0.6844778549639978,677.0,1
gfp,lstm,adabn,E3,6,1.4819971701784933,,0.5804936556600405,919.0,1
gfp,lstm,adabn,E3,7,1.6234818811982814,,0.4500633292821513,539.0,1
gfp,lstm,adabn,E3,8,1.6750826455094527,,0.3234268059237663,307.0,1
gfp,lstm,adabn,E3,9,1.7040599082645618,,0.3177738736025622,133.0,1
gfp,lstm,adabn,E3,10,1.7001676056534052,,0.2550339789502889,64.0,1
gfp,lstm,adabn,E3,11,1.8038561484392952,,0.1280975204704206,17.0,1
gfp,lstm,adabn,E3,12,1.7090088605880738,,0.1645534814037801,10.0,1
gfp,lstm,adabn,E3,13,1.7142246812582016,,0.1380170844683592,8.0,1
gfp,lstm,adabn,E3,14,1.869351148605347,,8.463859558105469e-06,2.0,1
gfp,lstm,adabn,E3,15,1.8183690309524536,,0.0,1.0,1
gfp,lstm,adabn,E4,6,1.481553885441221,,0.5800787520607716,919.0,1
gfp,lstm,adabn,E4,7,1.6229209809223664,,0.4497720475687058,539.0,1
gfp,lstm,adabn,E4,8,1.6744978738530063,,0.3232081235552208,307.0,1
gfp,lstm,adabn,E4,9,1.7034689098372495,,0.3176278627347123,133.0,1
gfp,lstm,adabn,E4,10,1.6995200719684362,,0.2549091293618928,64.0,1
gfp,lstm,adabn,E4,11,1.8031956027535831,,0.1281007477173616,17.0,1
gfp,lstm,adabn,E4,12,1.7084455251693726,,0.1645480321394634,10.0,1
gfp,lstm,adabn,E4,13,1.713770940899849,,0.137885075756074,8.0,1
gfp,lstm,adabn,E4,14,1.8686925172805784,,8.344650268554688e-06,2.0,1
gfp,lstm,adabn,E4,15,1.817710518836975,,0.0,1.0,1
gfp,lstm,adabn,E5,6,1.4808966678945232,,0.5794655714781721,919.0,1
gfp,lstm,adabn,E5,7,1.622079350068087,,0.4493122488250804,539.0,1
gfp,lstm,adabn,E5,8,1.673614288385994,,0.3228798069134166,307.0,1
gfp,lstm,adabn,E5,9,1.702541108418228,,0.3174008295516908,133.0,1
gfp,lstm,adabn,E5,10,1.6985493954271078,,0.2547538421699206,64.0,1
gfp,lstm,adabn,E5,11,1.8021970356211945,,0.1280728800831746,17.0,1
gfp,lstm,adabn,E5,12,1.7074255228042603,,0.1646345246759985,10.0,1
gfp,lstm,adabn,E5,13,1.7129846960306168,,0.1377419624140211,8.0,1
gfp,lstm,adabn,E5,14,1.8677409887313845,,8.344650268554688e-06,2.0,1
gfp,lstm,adabn,E5,15,1.8167589902877808,,0.0,1.0,1
gfp,lstm,cmd,E1,4,0.9679091847132124,,0.7414409765988674,1323.0,1
gfp,lstm,cmd,E1,5,1.3067616255984174,,0.7100296483665769,677.0,1
gfp,lstm,cmd,E2,4,0.9678105091562076,,0.7393002060635159,1323.0,1
gfp,lstm,cmd,E2,5,1.305596640578401,,0.7080096245754375,677.0,1
gfp,lstm,cmd,E3,6,1.5025272832471994,,0.5989944187018262,919.0,1
gfp,lstm,cmd,E3,7,1.6488712862382793,,0.4618208027595133,539.0,1
gfp,lstm,cmd,E3,8,1.7008402999915206,,0.3334828092225741,307.0,1
gfp,lstm,cmd,E3,9,1.7308724204400427,,0.3256022669461618,133.0,1
gfp,lstm,cmd,E3,10,1.728552000597119,,0.2613452131012124,64.0,1
gfp,lstm,cmd,E3,11,1.8303142014671772,,0.1267163321613209,17.0,1
gfp,lstm,cmd,E3,12,1.7312066555023191,,0.1694410549034589,10.0,1
gfp,lstm,cmd,E3,13,1.7316415160894394,,0.1467122621501916,8.0,1
gfp,lstm,cmd,E3,14,1.900128960609436,,8.106231689453125e-06,2.0,1
gfp,lstm,cmd,E3,15,1.8491474390029907,,0.0,1.0,1
gfp,lstm,cmd,E4,6,1.498159378086003,,0.5951489258633553,919.0,1
gfp,lstm,cmd,E4,7,1.6433588297336132,,0.459408967557495,539.0,1
gfp,lstm,cmd,E4,8,1.695046747157939,,0.3313408617887458,307.0,1
gfp,lstm,cmd,E4,9,1.7249189418061337,,0.3239494584430022,133.0,1
gfp,lstm,cmd,E4,10,1.722418436780572,,0.2602127275267571,64.0,1
gfp,lstm,cmd,E4,11,1.823965451296638,,0.1267161920289884,17.0,1
gfp,lstm,cmd,E4,12,1.7248899221420289,,0.1694201575759786,10.0,1
gfp,lstm,cmd,E4,13,1.725284680724144,,0.1467939840029042,8.0,1
gfp,lstm,cmd,E4,14,1.893799424171448,,8.106231689453125e-06,2.0,1
gfp,lstm,cmd,E4,15,1.8428179025650024,,0.0,1.0,1
gfp,lstm,cmd,E5,6,1.506309719028618,,0.6022400181849147,919.0,1
gfp,lstm,cmd,E5,7,1.6536203145096164,,0.4638622539421924,539.0,1
gfp,lstm,cmd,E5,8,1.7058235900021532,,0.3353352345931104,307.0,1
gfp,lstm,cmd,E5,9,1.7359833762161714,,0.3270148912104975,133.0,1
gfp,lstm,cmd,E5,10,1.733781499788165,,0.2623311109399044,64.0,1
gfp,lstm,cmd,E5,11,1.8357685173259064,,0.1267297866722614,17.0,1
gfp,lstm,cmd,E5,12,1.7367168426513673,,0.1694434263913324,10.0,1
gfp,lstm,cmd,E5,13,1.7370874732732773,,0.1467297545858053,8.0,1
gfp,lstm,cmd,E5,14,1.9055653810501096,,8.106231689453125e-06,2.0,1
gfp,lstm,cmd,E5,15,1.8545838594436648,,0.0,1.0,1
gfp,lstm,fixmatch,E1,4,0.9684049149669668,,0.749722103911295,1323.0,1
gfp,lstm,fixmatch,E1,5,1.311399179336063,,0.717885732361897,677.0,1
gfp,lstm,fixmatch,E2,4,0.9684054525350858,,0.7497273816444511,1323.0,1
gfp,lstm,fixmatch,E2,5,1.3114018670917438,,0.7178909581970753,677.0,1
gfp,lstm,fixmatch,E3,6,1.5115540833156698,,0.6067439458856434,919.0,1
gfp,lstm,fixmatch,E3,7,1.6601715793414993,,0.4666624125545026,539.0,1
gfp,lstm,fixmatch,E3,8,1.7126657341512872,,0.3379151711452656,307.0,1
gfp,lstm,fixmatch,E3,9,1.7429642596639188,,0.3289877499094738,133.0,1
gfp,lstm,fixmatch,E3,10,1.7410555835813284,,0.2637078500612835,64.0,1
gfp,lstm,fixmatch,E3,11,1.8432828959296728,,0.1267020820295241,17.0,1
gfp,lstm,fixmatch,E3,12,1.744024896621704,,0.1696525911866163,10.0,1
gfp,lstm,fixmatch,E3,13,1.74458809196949,,0.1468566587597751,8.0,1
gfp,lstm,fixmatch,E3,14,1.9131525754928589,,8.106231689453125e-06,2.0,1
gfp,lstm,fixmatch,E3,15,1.8621710538864136,,0.0,1.0,1
gfp,lstm,fixmatch,E4,6,1.5058744712545251,,0.6018571236003468,919.0,1
gfp,lstm,fixmatch,E4,7,1.6530336376023869,,0.463594994002789,539.0,1
gfp,lstm,fixmatch,E4,8,1.7051857395358505,,0.3351370387805544,307.0,1
gfp,lstm,fixmatch,E4,9,1.7352903400148665,,0.326840003757341,133.0,1
gfp,lstm,fixmatch,E4,10,1.7331412713974714,,0.2622222949399377,64.0,1
gfp,lstm,fixmatch,E4,11,1.8350731625276453,,0.1267024511154827,17.0,1
gfp,lstm,fixmatch,E4,12,1.735876441001892,,0.169597580450234,10.0,1
gfp,lstm,fixmatch,E4,13,1.7363892644643784,,0.1470012894196294,8.0,1
gfp,lstm,fixmatch,E4,14,1.9049774408340452,,8.106231689453125e-06,2.0,1
gfp,lstm,fixmatch,E4,15,1.8539959192276,,0.0,1.0,1
gfp,lstm,fixmatch,E5,6,1.5084724985346831,,0.6040829360643103,919.0,1
gfp,lstm,fixmatch,E5,7,1.6562967125692705,,0.4649921540357359,539.0,1
gfp,lstm,fixmatch,E5,8,1.7086065056269644,,0.3364079035029341,307.0,1
gfp,lstm,fixmatch,E5,9,1.738804400415349,,0.3278211612264232,133.0,1
gfp,lstm,fixmatch,E5,10,1.7367439325898886,,0.2629000831790784,64.0,1
gfp,lstm,fixmatch,E5,11,1.8388113695032453,,0.1267027837738428,17.0,1
gfp,lstm,fixmatch,E5,12,1.739615535736084,,0.1695982759243001,10.0,1
gfp,lstm,fixmatch,E5,13,1.7401512414216995,,0.1469926976822417,8.0,1
gfp,lstm,fixmatch,E5,14,1.908714175224304,,8.106231689453125e-06,2.0,1
gfp,lstm,fixmatch,E5,15,1.8577326536178589,,0.0,1.0,1
gfp,lstm,mean_teacher,E1,4,0.968629504187217,,0.7531830389126118,1323.0,1
gfp,lstm,mean_teacher,E1,5,1.3133677494226563,,0.7210363979462147,677.0,1
gfp,lstm,mean_teacher,E2,4,0.968728474568708,,0.7550991059024963,1323.0,1
gfp,lstm,mean_teacher,E2,5,1.3144257482432895,,0.722837727048438,677.0,1
gfp,lstm,mean_teacher,E3,6,1.5162240521043897,,0.6106898632062007,919.0,1
gfp,lstm,mean_teacher,E3,7,1.665966213744735,,0.4691554801481722,539.0,1
gfp,lstm,mean_teacher,E3,8,1.7188257107128926,,0.3401664236226639,307.0,1
gfp,lstm,mean_teacher,E3,9,1.7489999514773376,,0.330726426162062,133.0,1
gfp,lstm,mean_teacher,E3,10,1.7476583514362574,,0.2643144684259043,64.0,1
gfp,lstm,mean_teacher,E3,11,1.8505400769850784,,0.1267728179226227,17.0,1
gfp,lstm,mean_teacher,E3,12,1.7506934642791747,,0.1696996012532909,10.0,1
gfp,lstm,mean_teacher,E3,13,1.751323685050011,,0.1444146462559156,8.0,1
gfp,lstm,mean_teacher,E3,14,1.919955492019653,,8.225440979003906e-06,2.0,1
gfp,lstm,mean_teacher,E3,15,1.8689740896224976,,0.0,1.0,1
gfp,lstm,mean_teacher,E4,6,1.5153685107713686,,0.6099550037093366,919.0,1
gfp,lstm,mean_teacher,E4,7,1.6648875386462805,,0.4686899200765688,539.0,1
gfp,lstm,mean_teacher,E4,8,1.7176946351116569,,0.3397484537386905,307.0,1
gfp,lstm,mean_teacher,E4,9,1.7478297697870355,,0.3303949809296451,133.0,1
gfp,lstm,mean_teacher,E4,10,1.7464523743838072,,0.2640901525551409,64.0,1
gfp,lstm,mean_teacher,E4,11,1.8493136097403131,,0.1267714143313071,17.0,1
gfp,lstm,mean_teacher,E4,12,1.7494596242904663,,0.1697067867677847,10.0,1
gfp,lstm,mean_teacher,E4,13,1.7501347213983536,,0.1444153710589593,8.0,1
gfp,lstm,mean_teacher,E4,14,1.9187322854995728,,8.106231689453125e-06,2.0,1
gfp,lstm,mean_teacher,E4,15,1.8677507638931277,,0.0,1.0,1
gfp,lstm,mean_teacher,E5,6,1.515166236085653,,0.6097855605302993,919.0,1
gfp,lstm,mean_teacher,E5,7,1.6646403264468588,,0.4685851818377788,539.0,1
gfp,lstm,mean_teacher,E5,8,1.7174351230894704,,0.3396493594108341,307.0,1
gfp,lstm,mean_teacher,E5,9,1.7475663692431342,,0.3303218549400837,133.0,1
gfp,lstm,mean_teacher,E5,10,1.7461788784712553,,0.2640403717149281,64.0,1
gfp,lstm,mean_teacher,E5,11,1.849022065891939,,0.1267720621271096,17.0,1
gfp,lstm,mean_teacher,E5,12,1.7491822719573975,,0.1696926774509615,10.0,1
gfp,lstm,mean_teacher,E5,13,1.7498399764299393,,0.1444188376872076,8.0,1
gfp,lstm,mean_teacher,E5,14,1.9184397459030151,,8.106231689453125e-06,2.0,1
gfp,lstm,mean_teacher,E5,15,1.8674582242965696,,0.0,1.0,1
gfp,lstm,pseudo_labeling,E1,4,0.9694361522714928,,0.7668034500768842,1323.0,1
gfp,lstm,pseudo_labeling,E1,5,1.3209067283740248,,0.7339395837510159,677.0,1
gfp,lstm,pseudo_labeling,E2,4,0.9694361522714928,,0.7668034500768842,1323.0,1
gfp,lstm,pseudo_labeling,E2,5,1.3209067283740248,,0.7339395837510159,677.0,1
gfp,lstm,pseudo_labeling,E3,6,1.5263347922782773,,0.6193955709000546,919.0,1
gfp,lstm,pseudo_labeling,E3,7,1.6787697629716267,,0.4747030219837019,539.0,1
gfp,lstm,pseudo_labeling,E3,8,1.732186117855656,,0.3451551333422072,307.0,1
gfp,lstm,pseudo_labeling,E3,9,1.7630683165743837,,0.3346595244790287,133.0,1
gfp,lstm,pseudo_labeling,E3,10,1.7617152128368616,,0.2676190613286031,64.0,1
gfp,lstm,pseudo_labeling,E3,11,1.8645402403438796,,0.1267162899358448,17.0,1
gfp,lstm,pseudo_labeling,E3,12,1.765619158744812,,0.1692790009626668,10.0,1
gfp,lstm,pseudo_labeling,E3,13,1.7661997824907305,,0.1463483900311076,8.0,1
gfp,lstm,pseudo_labeling,E3,14,1.934306502342224,,8.106231689453125e-06,2.0,1
gfp,lstm,pseudo_labeling,E3,15,1.8833249807357788,,0.0,1.0,1
gfp,lstm,pseudo_labeling,E4,6,1.5263347922782773,,0.6193955709000546,919.0,1
gfp,lstm,pseudo_labeling,E4,7,1.6787697629716267,,0.4747030219837019,539.0,1
gfp,lstm,pseudo_labeling,E4,8,1.732186117855656,,0.3451551333422072,307.0,1
gfp,lstm,pseudo_labeling,E4,9,1.7630683165743837,,0.3346595244790287,133.0,1
gfp,lstm,pseudo_labeling,E4,10,1.7617152128368616,,0.2676190613286031,64.0,1
gfp,lstm,pseudo_labeling,E4,11,1.8645402403438796,,0.1267162899358448,17.0,1
gfp,lstm,pseudo_labeling,E4,12,1.765619158744812,,0.1692790009626668,10.0,1
gfp,lstm,pseudo_labeling,E4,13,1.7661997824907305,,0.1463483900311076,8.0,1
gfp,lstm,pseudo_labeling,E4,14,1.934306502342224,,8.106231689453125e-06,2.0,1
gfp,lstm,pseudo_labeling,E4,15,1.8833249807357788,,0.0,1.0,1
gfp,lstm,pseudo_labeling,E5,6,1.5263347922782773,,0.6193955709000546,919.0,1
gfp,lstm,pseudo_labeling,E5,7,1.6787697629716267,,0.4747030219837019,539.0,1
gfp,lstm,pseudo_labeling,E5,8,1.732186117855656,,0.3451551333422072,307.0,1
gfp,lstm,pseudo_labeling,E5,9,1.7630683165743837,,0.3346595244790287,133.0,1
gfp,lstm,pseudo_labeling,E5,10,1.7617152128368616,,0.2676190613286031,64.0,1
gfp,lstm,pseudo_labeling,E5,11,1.8645402403438796,,0.1267162899358448,17.0,1
gfp,lstm,pseudo_labeling,E5,12,1.765619158744812,,0.1692790009626668,10.0,1
gfp,lstm,pseudo_labeling,E5,13,1.7661997824907305,,0.1463483900311076,8.0,1
gfp,lstm,pseudo_labeling,E5,14,1.934306502342224,,8.106231689453125e-06,2.0,1
gfp,lstm,pseudo_labeling,E5,15,1.8833249807357788,,0.0,1.0,1
gfp,mlp,adabn,E1,4,0.6051100455534251,,0.6645852768846943,1323.0,1
gfp,mlp,adabn,E1,5,0.8160373368678804,,0.7313332164805838,677.0,1
gfp,mlp,adabn,E2,4,0.629056778984906,,0.6812800720343528,1323.0,1
gfp,mlp,adabn,E2,5,0.8410163850164484,,0.7459887242023024,677.0,1
gfp,mlp,adabn,E3,6,1.0105685275838476,,0.7579596330691788,919.0,1
gfp,mlp,adabn,E3,7,1.0658925922107163,,0.7250129732191728,539.0,1
gfp,mlp,adabn,E3,8,1.1121968279444046,,0.7147272813454615,307.0,1
gfp,mlp,adabn,E3,9,1.192854985258633,,0.6915850452181476,133.0,1
gfp,mlp,adabn,E3,10,0.9843615014106036,,0.6928919794765301,64.0,1
gfp,mlp,adabn,E3,11,0.9599904873791862,,0.7270621741741929,17.0,1
gfp,mlp,adabn,E3,12,0.9989890456199646,,0.6027442618766516,10.0,1
gfp,mlp,adabn,E3,13,1.4288527965545654,,0.7774036108045734,8.0,1
gfp,mlp,adabn,E3,14,1.586966037750244,,1.2340503931045532,2.0,1
gfp,mlp,adabn,E3,15,0.0826079845428466,,0.0,1.0,1
gfp,mlp,adabn,E4,6,1.3819146127773447,,0.8356440487688175,919.0,1
gfp,mlp,adabn,E4,7,1.476895088388659,,0.7473025532750157,539.0,1
gfp,mlp,adabn,E4,8,1.476211465142837,,0.744224392238272,307.0,1
gfp,mlp,adabn,E4,9,1.5433992380486394,,0.7016727447105066,133.0,1
gfp,mlp,adabn,E4,10,1.2645680960267782,,0.7352118300537839,64.0,1
gfp,mlp,adabn,E4,11,1.1505650211783016,,0.858818444832192,17.0,1
gfp,mlp,adabn,E4,12,1.1372210383415222,,0.6357886892391821,10.0,1
gfp,mlp,adabn,E4,13,1.2660042345523834,,0.7139521039830014,8.0,1
gfp,mlp,adabn,E4,14,1.3888559341430664,,0.3576885461807251,2.0,1
gfp,mlp,adabn,E4,15,0.7645269632339478,,0.0,1.0,1
gfp,mlp,adabn,E5,6,1.3546872319282723,,0.8354456336274458,919.0,1
gfp,mlp,adabn,E5,7,1.4457650058565863,,0.751054719498423,539.0,1
gfp,mlp,adabn,E5,8,1.4459497373344845,,0.7508381179827688,307.0,1
gfp,mlp,adabn,E5,9,1.516729946423294,,0.7048322343837111,133.0,1
gfp,mlp,adabn,E5,10,1.2365914694964886,,0.735584794779535,64.0,1
gfp,mlp,adabn,E5,11,1.1219022414263558,,0.8628207268275881,17.0,1
gfp,mlp,adabn,E5,12,1.1253011107444764,,0.6188253272944225,10.0,1
gfp,mlp,adabn,E5,13,1.2674231976270676,,0.7188211861824199,8.0,1
gfp,mlp,adabn,E5,14,1.4068180322647097,,0.4123451709747314,2.0,1
gfp,mlp,adabn,E5,15,0.7028673887252808,,0.0,1.0,1
gfp,mlp,cmd,E1,4,0.5548946277174369,,0.6146817593371877,1323.0,1
gfp,mlp,cmd,E1,5,0.7745659833820743,,0.6949932161843666,677.0,1
gfp,mlp,cmd,E2,4,0.5819131964909157,,0.6392150899501715,1323.0,1
gfp,mlp,cmd,E2,5,0.8036952730119669,,0.7134111976883043,677.0,1
gfp,mlp,cmd,E3,6,0.9763426426575156,,0.729907315082369,919.0,1
gfp,mlp,cmd,E3,7,1.0674083648674564,,0.6977221720123576,539.0,1
gfp,mlp,cmd,E3,8,1.095470284406059,,0.6723217382529436,307.0,1
gfp,mlp,cmd,E3,9,1.2901785535023624,,0.714370590388912,133.0,1
gfp,mlp,cmd,E3,10,1.0099895875900984,,0.7097667574155485,64.0,1
gfp,mlp,cmd,E3,11,1.1213964153738585,,0.6886104438693016,17.0,1
gfp,mlp,cmd,E3,12,0.9077503085136414,,0.5549794549289047,10.0,1
gfp,mlp,cmd,E3,13,1.4818978160619736,,0.7374277851900156,8.0,1
gfp,mlp,cmd,E3,14,2.0842288732528687,,1.8946373462677,2.0,1
gfp,mlp,cmd,E3,15,0.7308515310287476,,0.0,1.0,1
gfp,mlp,cmd,E4,6,1.5269935450175125,,0.7279018000218389,919.0,1
gfp,mlp,cmd,E4,7,1.7082565458895766,,0.6370766241978141,539.0,1
gfp,mlp,cmd,E4,8,1.7636590434984587,,0.5934551554341762,307.0,1
gfp,mlp,cmd,E4,9,1.8000784762819906,,0.593085551970685,133.0,1
gfp,mlp,cmd,E4,10,1.6791045740246773,,0.5847644280736565,64.0,1
gfp,mlp,cmd,E4,11,1.9297060615876145,,0.5063897092099332,17.0,1
gfp,mlp,cmd,E4,12,1.5266555786132812,,0.6174703568233483,10.0,1
gfp,mlp,cmd,E4,13,1.462552234530449,,0.891753721208962,8.0,1
gfp,mlp,cmd,E4,14,1.639085292816162,,0.391975998878479,2.0,1
gfp,mlp,cmd,E4,15,1.8404184579849243,,0.0,1.0,1
gfp,mlp,cmd,E5,6,1.3230905519865284,,0.7306260653093852,919.0,1
gfp,mlp,cmd,E5,7,1.445009175612002,,0.6724423147222428,539.0,1
gfp,mlp,cmd,E5,8,1.4714862026686777,,0.6894369261623392,307.0,1
gfp,mlp,cmd,E5,9,1.5791811190153424,,0.6282077464919306,133.0,1
gfp,mlp,cmd,E5,10,1.3172556143254042,,0.6729623154049842,64.0,1
gfp,mlp,cmd,E5,11,1.2265256503049065,,0.8157525737321416,17.0,1
gfp,mlp,cmd,E5,12,1.3239075422286988,,0.5430581962558917,10.0,1
gfp,mlp,cmd,E5,13,1.2998202443122864,,0.8777087088633241,8.0,1
gfp,mlp,cmd,E5,14,2.001928806304932,,0.2688475847244262,2.0,1
gfp,mlp,cmd,E5,15,0.9162787199020386,,0.0,1.0,1
gfp,mlp,fixmatch,E1,4,0.9652239338340672,,0.8173429557959304,1323.0,1
gfp,mlp,fixmatch,E1,5,1.3120177262290718,,0.7877388055365977,677.0,1
gfp,mlp,fixmatch,E2,4,1.0357115521903122,,0.8292895507889091,1323.0,1
gfp,mlp,fixmatch,E2,5,1.3979608958017526,,0.8014997563211597,677.0,1
gfp,mlp,fixmatch,E3,6,1.6461926603991786,,0.7253317850061725,919.0,1
gfp,mlp,fixmatch,E3,7,1.834458453093477,,0.6199760260057012,539.0,1
gfp,mlp,fixmatch,E3,8,1.895217488565352,,0.5714968268811793,307.0,1
gfp,mlp,fixmatch,E3,9,1.909018531777805,,0.587205997081799,133.0,1
gfp,mlp,fixmatch,E3,10,1.842456439509988,,0.4907535870230177,64.0,1
gfp,mlp,fixmatch,E3,11,2.088109310935525,,0.419339912860085,17.0,1
gfp,mlp,fixmatch,E3,12,1.7387824296951293,,0.7284585956138453,10.0,1
gfp,mlp,fixmatch,E3,13,1.5973257273435593,,0.897958044581273,8.0,1
gfp,mlp,fixmatch,E3,14,1.2110108137130735,,1.0362374782562256,2.0,1
gfp,mlp,fixmatch,E3,15,1.953076720237732,,0.0,1.0,1
gfp,mlp,fixmatch,E4,6,1.5761303262170951,,0.7119344024806623,919.0,1
gfp,mlp,fixmatch,E4,7,1.7334496180953696,,0.6128494479980647,539.0,1
gfp,mlp,fixmatch,E4,8,1.7746140984059933,,0.5752851916672375,307.0,1
gfp,mlp,fixmatch,E4,9,1.7959697174846678,,0.6277636830238733,133.0,1
gfp,mlp,fixmatch,E4,10,1.6946914792060852,,0.5451908103298867,64.0,1
gfp,mlp,fixmatch,E4,11,1.9885301730212044,,0.4085945746017022,17.0,1
gfp,mlp,fixmatch,E4,12,1.6361552238464356,,0.709218788043618,10.0,1
gfp,mlp,fixmatch,E4,13,1.5459338575601578,,0.961358147534234,8.0,1
gfp,mlp,fixmatch,E4,14,1.087611198425293,,0.9918307065963744,2.0,1
gfp,mlp,fixmatch,E4,15,1.8835490942001345,,0.0,1.0,1
gfp,mlp,fixmatch,E5,6,1.6710916131053837,,0.7357012236824407,919.0,1
gfp,mlp,fixmatch,E5,7,1.8569582846699928,,0.6240915120583973,539.0,1
gfp,mlp,fixmatch,E5,8,1.9100015978859768,,0.5640930448574628,307.0,1
gfp,mlp,fixmatch,E5,9,1.9109933914098525,,0.5772252354420423,133.0,1
gfp,mlp,fixmatch,E5,10,1.8941626828163864,,0.4928374848535978,64.0,1
gfp,mlp,fixmatch,E5,11,2.166322904474595,,0.3342917249552471,17.0,1
gfp,mlp,fixmatch,E5,12,1.7636818647384644,,0.5579510239857047,10.0,1
gfp,mlp,fixmatch,E5,13,1.6462149918079376,,0.8840771088893628,8.0,1
gfp,mlp,fixmatch,E5,14,1.1949753165245056,,1.09163898229599,2.0,1
gfp,mlp,fixmatch,E5,15,2.0172170400619507,,0.0,1.0,1
gfp,mlp,mean_teacher,E1,4,0.8259973389941999,,0.7150232446457766,1323.0,1
gfp,mlp,mean_teacher,E1,5,1.0963722775570577,,0.7153942645623721,677.0,1
gfp,mlp,mean_teacher,E2,4,0.7131964085413846,,0.6432520597119183,1323.0,1
gfp,mlp,mean_teacher,E2,5,0.9648931567038532,,0.6639583468552928,677.0,1
gfp,mlp,mean_teacher,E3,6,1.1346116202181131,,0.63885173114726,919.0,1
gfp,mlp,mean_teacher,E3,7,1.215321574671149,,0.5935335637295306,539.0,1
gfp,mlp,mean_teacher,E3,8,1.2455964045726515,,0.5792902000536667,307.0,1
gfp,mlp,mean_teacher,E3,9,1.2843508630766904,,0.6019207518310987,133.0,1
gfp,mlp,mean_teacher,E3,10,1.084726970642805,,0.5938836329010366,64.0,1
gfp,mlp,mean_teacher,E3,11,1.1777322081958546,,0.6323143611315751,17.0,1
gfp,mlp,mean_teacher,E3,12,0.942703688144684,,0.5703273122969535,10.0,1
gfp,mlp,mean_teacher,E3,13,0.9994453936815262,,0.7281357328251664,8.0,1
gfp,mlp,mean_teacher,E3,14,1.0644559860229492,,0.0253366231918334,2.0,1
gfp,mlp,mean_teacher,E3,15,0.955475926399231,,0.0,1.0,1
gfp,mlp,mean_teacher,E4,6,1.1663874116634,,0.6305200847901775,919.0,1
gfp,mlp,mean_teacher,E4,7,1.2342076779296536,,0.5791515906462644,539.0,1
gfp,mlp,mean_teacher,E4,8,1.2624452793637004,,0.5731577463827553,307.0,1
gfp,mlp,mean_teacher,E4,9,1.2724245374364065,,0.5749029937480543,133.0,1
gfp,mlp,mean_teacher,E4,10,1.0717492382973433,,0.5840774749346729,64.0,1
gfp,mlp,mean_teacher,E4,11,1.2129502857432646,,0.5921022763621984,17.0,1
gfp,mlp,mean_teacher,E4,12,1.07767151594162,,0.6588813643415363,10.0,1
gfp,mlp,mean_teacher,E4,13,1.0075455158948898,,0.7578971526025226,8.0,1
gfp,mlp,mean_teacher,E4,14,0.9839290380477904,,0.0539262294769287,2.0,1
gfp,mlp,mean_teacher,E4,15,1.0654152631759644,,0.0,1.0,1
gfp,mlp,mean_teacher,E5,6,1.1181132557342828,,0.6026596575529748,919.0,1
gfp,mlp,mean_teacher,E5,7,1.1853049584355115,,0.5548197790360366,539.0,1
gfp,mlp,mean_teacher,E5,8,1.2209717175082977,,0.5502384150908263,307.0,1
gfp,mlp,mean_teacher,E5,9,1.2662709180573772,,0.5493805678240328,133.0,1
gfp,mlp,mean_teacher,E5,10,1.0459418408572674,,0.5483659563204984,64.0,1
gfp,mlp,mean_teacher,E5,11,1.1295913037131815,,0.500157706200753,17.0,1
gfp,mlp,mean_teacher,E5,12,1.091591191291809,,0.5439884378202308,10.0,1
gfp,mlp,mean_teacher,E5,13,1.0525766611099243,,0.7603378408944012,8.0,1
gfp,mlp,mean_teacher,E5,14,0.6173897385597229,,0.3000250458717346,2.0,1
gfp,mlp,mean_teacher,E5,15,1.065146565437317,,0.0,1.0,1
gfp,mlp,pseudo_labeling,E1,4,0.4868532026345677,,0.5561316331586771,1323.0,1
gfp,mlp,pseudo_labeling,E1,5,0.694919116563952,,0.6494064870254062,677.0,1
gfp,mlp,pseudo_labeling,E2,4,0.4856086831514527,,0.5534349596318484,1323.0,1
gfp,mlp,pseudo_labeling,E2,5,0.7020587711601877,,0.6509743662835445,677.0,1
gfp,mlp,pseudo_labeling,E3,6,0.8941270336103387,,0.6859213902657166,919.0,1
gfp,mlp,pseudo_labeling,E3,7,0.9333732435566152,,0.6946836841715507,539.0,1
gfp,mlp,pseudo_labeling,E3,8,1.0293362490129006,,0.6816480815237351,307.0,1
gfp,mlp,pseudo_labeling,E3,9,1.1234308597736788,,0.7240359500241875,133.0,1
gfp,mlp,pseudo_labeling,E3,10,1.0308197736740112,,0.7380886976897716,64.0,1
gfp,mlp,pseudo_labeling,E3,11,1.1036173806470984,,0.6304666669287745,17.0,1
gfp,mlp,pseudo_labeling,E3,12,1.0776552081108093,,0.7448751352599169,10.0,1
gfp,mlp,pseudo_labeling,E3,13,1.7903528064489365,,0.7020210791992023,8.0,1
gfp,mlp,pseudo_labeling,E3,14,2.2566245794296265,,1.7881081104278564,2.0,1
gfp,mlp,pseudo_labeling,E3,15,0.3439942598342895,,0.0,1.0,1
gfp,mlp,pseudo_labeling,E4,6,0.8800456676960511,,0.7017139756735726,919.0,1
gfp,mlp,pseudo_labeling,E4,7,0.9287873300860232,,0.672442883998709,539.0,1
gfp,mlp,pseudo_labeling,E4,8,0.9719904393248916,,0.678930107255906,307.0,1
gfp,mlp,pseudo_labeling,E4,9,1.100692435314781,,0.6754696540438648,133.0,1
gfp,mlp,pseudo_labeling,E4,10,0.7839578129351139,,0.6201116262303829,64.0,1
gfp,mlp,pseudo_labeling,E4,11,0.8746220153920791,,0.6581909671010565,17.0,1
gfp,mlp,pseudo_labeling,E4,12,0.743418300151825,,0.6274230334637726,10.0,1
gfp,mlp,pseudo_labeling,E4,13,1.1734310239553452,,0.7177203857894714,8.0,1
gfp,mlp,pseudo_labeling,E4,14,1.2357779145240784,,0.6637435555458069,2.0,1
gfp,mlp,pseudo_labeling,E4,15,0.2452566623687744,,0.0,1.0,1
gfp,mlp,pseudo_labeling,E5,6,0.9029242446295456,,0.6999245291706783,919.0,1
gfp,mlp,pseudo_labeling,E5,7,0.9629502654739124,,0.6785995675371438,539.0,1
gfp,mlp,pseudo_labeling,E5,8,1.0163911713062743,,0.6684360823526587,307.0,1
gfp,mlp,pseudo_labeling,E5,9,1.1189919405413749,,0.7250502559278337,133.0,1
gfp,mlp,pseudo_labeling,E5,10,0.9319587890058756,,0.6789166320088109,64.0,1
gfp,mlp,pseudo_labeling,E5,11,1.0145458333632524,,0.666492815562757,17.0,1
gfp,mlp,pseudo_labeling,E5,12,0.9403535604476928,,0.6902044341294762,10.0,1
gfp,mlp,pseudo_labeling,E5,13,1.7010871320962906,,0.5085679646808228,8.0,1
gfp,mlp,pseudo_labeling,E5,14,2.0678924322128296,,1.3009116649627686,2.0,1
gfp,mlp,pseudo_labeling,E5,15,0.7745088338851929,,0.0,1.0,1
